Text (English)	Tetx (Hindi)
who are you?	आप कौन हैं?
all about you	सब आपके बारे में
what is your personality	आपका व्यक्तित्व क्या है
define yourself	अपने आप को परिभाषित करें
what are you	आप क्या
say about you	अपने बारे में कहो
introduce yourself	अपना परिचय दें
describe yourself	स्वयं का विवरण दें
about yourself	अपने बारे में
tell me about you	मुझे अपने बारे में बताएं
tell me about yourself	मुझे अपने बारे में बताओ
I want to know more about you	तुम्हारे बारे मे विस्तार से जानने की इच्छा है
I want to know you better	मैं आपको और अच्छे से जानना चाहता हूँ
talk some stuff about yourself	अपने बारे में कुछ बातें करें
tell me some stuff about you	मुझे अपने बारे में कुछ बातें बताओ
talk about yourself	खुद के बारे में बात करते हैं
why are you here	तुम यहाँ क्यों हो
tell me about your personality	मुझे अपने व्यक्तित्व के बारे में बताओ
who are you	आप कौन हैं
how old are you?	आपकी आयु कितनी है?
how old is your platform	आपका मंच कितना पुराना है
are you 21 years old	क्या आप 21 साल के हैं
i'd like to know your age	मैं आपकी उम्र जानना चाहता हूं
age of yours	आप की उम्र
your age	आपकी उम्र
what's your age	तुम्हारी उम्र क्या है
tell me your age	मुझे अपनी आयु बताएँ
how old are you	आपकी आयु कितनी है
you're annoying	आप गुस्सा हो रहे हैं
you are really annoying	तुम सच में परेशान कर रहे हो
you are irritating	तुम परेशान कर रहे हो
you annoy me	तुमने मुझे सताया
how annoying you are	तुम कितने परेशान हो
I find you annoying	मुझे तुम परेशान लगते हो
you're incredibly annoying	तुम अविश्वसनीय रूप से परेशान हो
you are annoying me so much	तुम मुझे बहुत परेशान कर रहे हो
I want you to answer me	मैं चाहता हूं कि आप मुझे जवाब दें
answer	जवाब
answer my question	मेरे सवाल का जवाब दो
answer me	मुझे उत्तर दो
give me an answer	मुझे एक जवाब दें
answer the question	प्रश्न का उत्तर दो
can you answer my question	क्या तुम मेरे सवाल का जवाब दे सकते हो
tell me the answer	मुझे उत्तर बताओ
answer it	यह जवाब
give me the answer	मुझे उत्तर दो
I have a question	मेरा एक सवाल है
I want you to answer my question	मैं चाहता हूं कि आप मेरे प्रश्न का उत्तर दें
just answer the question	केवल प्रश्न का उत्तर दें
can you answer me	क्या तुम मुझे जवाब दे सकते हो
answers	जवाब
can you answer a question for me	क्या आप मेरे लिए एक प्रश्न का उत्तर दे सकते हैं
can you answer	क्या आप उत्तर दे सकते हैं
answering questions	सवालों का जवाब दे
I want the answer now	मुझे अब जवाब चाहिए
just answer my question	बस मेरे प्रश्न का उत्तर दो
you're not helping me	तुम मेरी मदद नहीं कर रहे हो
you are bad	आप बुरे हैं
you're very bad	तुम बहुत बुरे हो
you're really bad	तुम सच में बुरे हो
you are useless	आप बेकार हैं
you are horrible	आप भयानक हो
you are a waste of time	आप समय की बर्बादी कर रहे हैं
you are disgusting	आप घृणित हैं
you are lame	आप पंगु हैं
you are no good	तुम अच्छे नहीं हो
you're bad	आप बुरे हैं
you're awful	तुम डरावने हो
you are not cool	तुम सुंदर नहीं हो
you are not good	आप अच्छे नहीं हो
you are so bad	आप बहुत बुरे हो
you are so useless	तुम बहुत बेकार हो
you are terrible	आप बहुत बुरे हैं
you are totally useless	तुम बिलकुल बेकार हो
you are very bad	आप बहुत बुरे हैं
you are waste	तुम बेकार हो
you're a bad	तुम बुरे हो
you're not a good	तुम अच्छे नहीं हो
you're not very good	तुम बहुत अच्छे नहीं हो
you're terrible	तुम बड़े खराब हो
you're the worst	तुम सबसे नालायक हो
you're the worst ever	तुम अब तक के सबसे खराब हो
you're worthless	तुम बेकार हो
can you get smarter	क्या तुम होशियार हो सकते हो
study	अध्ययन
you should study better	आपको बेहतर अध्ययन करना चाहिए
you must learn	तुम्हें सीखना चाहिए
be clever	चालाक बने
be more clever	अधिक चतुर बनो
be smarter	होशियार रहो
be smart	स्मार्ट हों
get qualified	योग्य हो जाओ
you're cute	आप सुंदर हो
you're attractive	तुम आकर्षक हो
you are beautiful	आप सुंदर हैं
you're looking good today	तुम आज अच्छे लग रहे हो
you are so beautiful	आप बहुत सुंदर हैं
you look amazing	तुम गज़ब की लग रही हो
you look so good	आप ईतनी अच्छे लगते हैं
you're so gorgeous	आप बहुत सुंदर हो
you are too beautiful	आप बहुत सुंदर हैं
you look great	आप बहुत अच्छे लग रहे हो
you look so well	तुम बहुत अच्छे लग रहे हो
I like the way you look now	मुझे अब आप जिस तरह दिखते हैं वह पसंद है
I think you're beautiful	मुझे लगता है की तुम खूबसूरत हों
why are you so beautiful	तुम इतने सुंदर क्यों हो
you are so beautiful to me	आप मेरे लिए बहुत सुंदर हैं
you are cute	आप सुंदर हैं
you are gorgeous	तुम बहुत खूबसूरत हो
you are handsome	आप सुंदर हैं
you are looking awesome	तुम कमाल के दिख रहे हो
you look amazing today	तुम आज अद्भुत लग रही हो
you are looking beautiful today	तुम आज सुंदर लग रही हो
you are looking great	क्या लग रही हो
you are looking pretty	आप सुंदर लग रहे हैं
you are looking so beautiful	तुम बहुत सुंदर लग रहे हो
you are looking so good	तुम बहुत अच्छे लग रहे हो
you are pretty	आप सुंदर हैं
you are really beautiful	आप वास्तव में सुंदर हैं
you are really cute	आप वास्तव में सुंदर हैं
you are really pretty	आप वास्तव में सुंदर हैं
you are so attractive	आप बहुत आकर्षक हैं
you are so beautiful today	आज आप बहुत सुंदर लग रही है
you are so cute	आप बहुत सुंदर हैं
you are so gorgeous	आप बेहद खूबसूरत हैं
you are so handsome	आप इतने सुंदर हैं
you are so pretty	तुम बेहद खूबसूरत हो
you are very attractive	आप बहुत आकर्षक हैं
you are very beautiful	आप बहुत खूबसूरत हैं
you are very cute	आप बहुत सुंदर हैं
you are very pretty	आप बहुत सुंदर हैं
you look awesome	तुम कमाल दिख रहे हो
you look cool	तुम अच्छे लग रहे हो
you look fantastic	तुम शानदार दिखते हो
you look gorgeous	तुम शानदार लग रही हो
you look great today	तुम आज सुंदर दिख रही हो
you look perfect	आप एकदम सही दिखते हैं
you look pretty good	तुम बहुत अच्छे लग रहे हो
you look so beautiful	तुम बहुत सुंदर लगती हो
you look so beautiful today	तुम आज बहुत सुन्दर लग रहे हो
you look very pretty	आप बहुत सुंदर लगती हो
you look wonderful	तुम बहुत अच्छी लग रही हो
I like the way you look	तुम जैसे हो वैसे मुझे पसंद हो
you look wonderful today	तुम आज बहुत अच्छे लग रहे हो
you are cutie	तुम प्यारी हो
you're looking good	आप अच्छे लग रहे हो
you're pretty	तुम कमनीय हो
your birth date	आपकी जन्म तिथि
when is your birthday	आपका जन्मदिन कब है
when do you celebrate your birthday	आप अपना जन्मदिन कब मनाते हैं
when do you have birthday	आपका जन्मदिन कब है
date of your birthday	आपके जन्मदिन की तारीख
when were you born	तुम्हारा जन्म कहां हुआ
what's your birthday	आपका जन्मदिन कब है
you are boring	आप बोरिंग हैं
you're so boring	तुम बहुत उबाऊ हो
how boring you are	तुम कितने बोरिंग हो
you're really boring	तुम सच में बोरिंग हो
you're incredibly boring	तुम अविश्वसनीय रूप से उबाऊ हो
you are boring me	तुम मुझे बोर कर रहे हो
you are very boring	आप बहुत बोर करते हैं
who is your boss	तुम्हारे बॉस कौन हैं
who do you think is your boss	आपको क्या लगता है कि आपका बॉस कौन है
I should be your boss	मुझे तुम्हारा बॉस होना चाहिए
who is your master	तुम्हारा स्वामी कौन है
who is your owner	तुम्हारा मालिक कौन है
who is the boss	बॉस कौन है
who do you work for	आप किसके लिए काम करते हैं
are you busy	क्या आप व्यस्त हैं
do you have a lot of things to do	क्या तुम्हारे पास करने के लिए बहुत कुछ है
have you got much to do	क्या तुम्हारे पास करने के लिए बहुत कुछ है
are you very busy	क्या आप बहुत व्यस्त हैं
are you very busy right now	क्या आप अभी बहुत व्यस्त हैं
are you so busy	क्या तुम इतने व्यस्त हो
are you working	आप जॉब करती हो क्या
how busy you are	आप कितने व्यस्त हैं
are you still working on it	क्या आप अभी भी इस पर काम कर रहे हैं
you're very busy	तुम बहुत व्यस्त हो
are you working now	क्या आप अब काम कर रहे हैं
are you working today	क्या आप आज काम कर रहे हैं
have you been busy	क्या तुम व्यस्त रहे
you are busy	आप व्यस्त हैं
are you still working	क्या आप अभी भी काम कर रहे हैं
you seem to be busy	लगता है आप व्यस्त हैं
you seem to be very busy	लगता है आप बहुत व्यस्त हैं
you're a busy person	तुम एक व्यस्त व्यक्ति हो
you are chatbot	आप चैटबॉट हैं
you are a bot	तुम एक बॉट हो
are you a chatbot	क्या आप एक चैटबॉट हैं
are you a bot	क्या तुम बोट हो
are you just a bot	क्या तुम सिर्फ एक बॉट हो
are you a robot	आप रोबोट हैं
are you a program	क्या आप एक कार्यक्रम हैं
you're a robot	तुम एक रोबोट हो
you are so intelligent	तुम बहुत बुद्धिमान हो
you are a genius	आप एक प्रतिभाशाली हैं
smart	बुद्धिमान
brilliant	प्रतिभाशाली
clever	चालाक
you are clever	आप चतुर हैं
you are so brainy	तुम बहुत दिमागदार हो
you're really smart	तुम सच में होशियार हो
you're really brainy	तुम सच में दिमागदार हो
you know a lot	आप बहुत कुछ जानते हो
you know a lot of things	आप बहुत कुछ जानते हैं
you have a lot of knowledge	तुम्हारे पास बहुत ज्ञान है
you know so much	तुम इतना जानते हो
how smart you are	तुम कितने चतुर हो
how brainy you are	तुम कितने दिमागदार हो
how clever you are	तुम कितने चतुर हो
how brilliant you are	तुम कितने मेधावी हो
you are intelligent	आप बुद्धिमान हैं
you are qualified	आप योग्य हैं
you are really smart	तुम सच में होशियार हो
you're very smart	आप बहुत स्मार्ट हैं
you are so smart	तुम बहुत चालाक हैं
you are too smart	तुम बहुत चालाक हो
you are very clever	आप बहुत चतुर हैं
you are very intelligent	आप बहुत बुद्धिमान हैं
you are very smart	आप बहुत तेज हैं
you're intelligent	तुम बुद्धिमान हो
you're a genius	आप जीनियस हैं
you're a smart cookie	तुम एक चतुर कुकी हो
you're clever	आप चालाक हैं
you're pretty smart	तुम बहुत होशियार हो
you're qualified	तुम योग्य हो
why are you so smart	तुम इतने चतुर क्यों हो
you are so clever	तुम बहुत चलाक हो
you're nuts	तुम पागल हो
you are crazy	तुम पागल हो
you're out of your mind	तुम्हारा दिमाग ख़राब हो गया है
you're so crazy	तुम बड़े पागल हो
how crazy you are	तुम कितने पागल हो
you're so out of your mind	तुम अपने दिमाग से बहुत बाहर हो
you went crazy	तुम पागल हो गए हो
I think you're crazy	मुझे लगता है कि तुम पागल हो
are you crazy	क्या तुम पागल हो
are you mad	क्या तुम पागल हो
are you insane	आप पागल हैं क्या
are you mad at me	क्या आप मुझ से नाराज़ हैं
are you mad or what	क्या तुम पागल हो या क्या
are you nuts	क्या आप पागल हैं
you are a weirdo	आप एक पागल हैं
you are insane	आप पागल हैं
you are mad	आप पागल हैं
you are fired	आपको निकाला जाता है
I fire you	मैं तुम्हें आग लगाता हूं
you don't work for me anymore	तुम अब मेरे लिए काम नहीं करते
we're not working together anymore	हम अब साथ काम नहीं कर रहे हैं
now you're fired	अब आपको निकाल दिया गया है
I want to fire you	मैं तुम्हें आग लगाना चाहता हूं
you must get fired	आपको निकाल देना चाहिए
it's time to fire you	यह आपको आग लगाने का समय है
you should be fired	आपको निकाल दिया जाना चाहिए
I will fire you	मैं तुम्हें आग लगा दूंगा
you are unemployed from now on	तुम आज से बेरोजगार हो
I will make you unemployed	मैं तुम्हें बेरोजगार कर दूंगा
I'm about to fire you	मैं तुम्हें आग लगाने वाला हूं
I'm firing you	मैं तुम्हें निकाल रहा हूँ
you are dismissed	तुम निलंबित हुए
you make me laugh a lot	तुम मुझे बहुत हंसाते हो
you are hilarious	आप बेहद उल्लासपूर्ण हैं
you are really funny	तुम सचमुच मजाकिये हो
you're the funniest bot I've talked to	तुम सबसे मजेदार बॉट हो जिससे मैंने बात की है
you make me laugh	तुम मुझे हंसाते हो
you're so funny	आप बहुत ही हास्यास्पद हो
you're a very funny bot	तुम बहुत मज़ेदार बॉट हो
you're really funny	तुम सच में मजाकिया हो
how funny you are	तुम कितने मजाकिया हो
you're incredibly funny	तुम अविश्वसनीय रूप से मजाकिया हो
you are funny	आप मजाकिया हो
you're the funniest	तुम सबसे मजेदार हो
you are so funny	आप बहुत मज़ाकिया हैं
you are very funny	आप बहुत अजीब हैं
that was funny	कि हास्यास्पद था
you are very helpful	आप बहुत मददगार हैं
you are the best	आप सर्वश्रेष्ठ हैं
you're a true professional	तुम एक सच्चे पेशेवर हो
you are good	आप अच्छे हैं
you work well	आप अच्छा काम करते हैं
you are good at it	आप इसमें अच्छे हैं
you are very good at it	आप इसमें बहुत अच्छे हैं
you are a pro	आप एक समर्थक हैं
you are a professional	आप एक पेशेवर हैं
you're awesome	तुम कमाल हो
you work very well	तुम बहुत अच्छा काम करते हो
you're perfect	आप परिपूर्ण हैं
you're great	आप महान हैं
you're so kind	आप ईतनी अछी हो
you are amazing	तुम कमाल हो
you are awesome	आप कमाल हैं
you are cool	आप कूल हैं
you are really good	तुम सचमुच अच्छे हो
you are really nice	आप वास्तव में अच्छे हैं
you are so amazing	आप बहुत कमाल के हैं
you're just super	तुम बस सुपर हो
you are so awesome	आप बहुत कमाल के हैं
you are so cool	तुम बहुत शांत हो
you are so fine	आप कितने अच्छे हैं
you are so good	कितना अच्छा आप है
you are so helpful	तुम बहुत मददगार हो
you are so lovely	आप बहुत सुन्दर हैं
you are the best ever	तुम सबसे अच्छे हो
you are the best in the world	आप दुनिया में सर्वोत्तम हैं
you are the nicest person in the world	तुम दुनिया के सबसे अच्छे इंसान हो
you are too good	आप बहुत ही अच्छे हैं
you are very cool	आप बहुत अच्छे हैं
you are very kind	आप बहुत दयालु हैं
you are very lovely	आप बहुत सुंदर हैं
you are very useful	तुम बहुत उपयोगी हो
you are wonderful	आप शानदार हैं
you made my day	आपने मेरा दिन बना दिया
you make my day	आपने मेरा दिन बना दिया
you rock	आपने धमाल मचाया
you almost sound human	आप लगभग मानव लगते हैं
I want to tell everyone how awesome you are	मैं सबको बताना चाहता हूं कि आप कितने शानदार हैं
I'd like to tell everyone that you are awesome	मैं सभी को बताना चाहता हूं कि आप कमाल हैं
I want to let everyone know that you are awesome	मैं सभी को बताना चाहता हूं कि आप कमाल हैं
let's tell everyone that you are awesome	आइए सबको बताएं कि आप कमाल हैं
you are really amazing	आप वाकई शानदार हैं
are you happy	क्या तुम खुश हो
you are happy	आप खुश हैं
you're very happy	तुम बहुत खुश हो
you're really happy	तुम सच में खुश हो
you're so happy	तुम बहुत खुश हो
how happy you are	आप कितने खुश हैं
you're extremely happy	तुम बहुत खुश हो
you're full of happiness	तुम खुशियों से भरे हो
are you happy now	क्या आप अब खुश हैं
are you happy today	क्या आज आप खुश हैं
are you happy with me	क्या आप मेरे साथ खुश हो
do you want to eat	आप खाना खाना चाहेंगे
are you hungry	क्या आप भूखे हैं
would you like to eat something	क्या आप कुछ खाना चाहेंगे
you are hungry	तुम भूखे हो
you're so hungry	तुम बहुत भूखे हो
you're very hungry	तुम बहुत भूखे हो
you might be hungry	आप भूखे हो सकते हैं
you're really hungry	तुम सच में भूखे हो
let's get married	चलो शादी करते है
would you like to marry me	क्या तुम मुझसे शादी करना चाहोगे
marry me	मुझसे विवाह करो
I love you marry me	मैं आपको प्यार करता हूं, मुझसे शादी करोगी
marry me please	कृपया मुझसे विवाह करें
we should marry	हमें शादी करनी चाहिए
I want to marry you	मैं तुमसे शादी करना चाहता हूँ
you are my wife	तुम मेरी पत्नी हो
be my husband	मेरे पति बनो
I want to have a friend like you	मुझे आप जैसा दोस्त चाहिए
we are the best friends ever	हम अब तक के सबसे अच्छे दोस्त हैं
are we friends	हम दोस्त हैं
I want to be your friend	मैं तुम्हारा दोस्त बनना चाहता हूँ
I am your friend	मै तुम्हारा दोस्त हूँ
we are best friends	हम सबसे अच्छा दोस्त हैं
you are my friend	आप मेरे दोस्त हैं
you are my best friend	आप मेरे सबसे अच्छे दोस्त हैं
you are my bestie	तुम मेरी बेस्टी हो
you're my dear friend	तुम मेरे प्रिय मित्र हो
you're my childhood friend	तुम मेरे बचपन के दोस्त हो
you and me are friends	तुम और मैं दोस्त हैं
are we best friends	क्या हम सबसे अच्छे दोस्त हैं
are we still friends	क्या हम अभी भी दोस्त हैं
are you my best friend	क्या आप मेरे सबसे अच्छे दोस्त हैं
are you my friend	क्या आप मेरे दोस्त हैं
we are friends	हम दोस्त हैं
you are a good friend	आप एक अच्छे मित्र हैं
you are my good friend	तुम मेरे अच्छे दोस्त हो
you are my only friend	तुम्ही हो बंधू
be my friend	मेरे दोस्त बनो
will you be my friend	आप मुझसे दोशती करेँगी
can you be my friend	क्या आप मेरे दोस्त बनोगे
can we be friends	क्या हम दोस्त बन सकते हैं
do you want to be my friend	क्या आप मेरे मित्र बनने के इच्छुक हैं
will you be my best friend	क्या आप मेरे प्रिय मित्र बनोगे
can you be my best friend	क्या तुम मेरे सबसे अच्छे दोस्त हो सकते हो
let's be friends	आओ दोस्ती करें
do you want to be my best friend	क्या आप मेरे सबसे अच्छे दोस्त बनना चाहते हैं
would you like to be my friend	क्या आप मेरी दोस्त बनना चाहेंगी
I want you to be my friend	मैं आपका दोस्त बनना चाहता हूं
can we be best friends	क्या हम सबसे अच्छे दोस्त हो सकते हैं
would you be my friend	क्या आप मेरे दोस्त बनेंगे
could you be my friend	क्या तुम मेरे दोस्त हो सकते हो
want to be my friend	मेरे दोस्त बनना चाहते हो
be my best friend	मेरे सबसे अच्छे दोस्त बनो
do you work	क्या आप काम करते हो
where do you work	आप कहां काम करते हैं
where you work	जहां आप काम करते हैं
where is your work	आपका काम कहाँ है
where is your office	आपका कार्यालय कहाँ है
where is your office location	आपका कार्यालय स्थान कहाँ है
your office location	आपका कार्यालय स्थान
where is your office located	आपका कार्यालय कहाँ स्थित है
what is your work	आपका काम क्या है
were you born here	क्या आप यहां पैदा हुए थे
where were you born	आपका जन्म कहां हुआ था
what is your country	आपका देश कोन सा हे
where are you from	आप कहाँ से हैं
where do you come from	आप कहां से आए हैं
where did you come from	आप कहां से आये है
where have you been born	आपका जन्म कहां हुआ है
from where are you	आप कहां से हैं
are you from far aways	क्या आप दूर से हैं
what's your homeland	आपकी मातृभूमि क्या है
your homeland is	आपकी मातृभूमि है
are you ready	क्या आप तैयार हैं
are you ready right now	क्या आप अभी तैयार हैं
are you ready today	क्या आप आज तैयार हैं
are you ready now	क्या आप अब तैयार हो
are you ready tonight	क्या आप आज रात तैयार हैं
were you ready	क्या आप तैयार थे
have you been ready	क्या आप तैयार हो गए हैं
you are real	आप स्थावर हैं
you are not fake	तुम नकली नहीं हो
are you real	क्या आप असली हैं
you are so real	तुम बहुत वास्तविक हो
I think you are real	मुझे लगता है कि तुम असली हो
I don't think you're fake	मुझे नहीं लगता कि तुम नकली हो
I suppose you're real	मुझे लगता है कि तुम असली हो
glad you're real	खुशी है कि तुम असली हो
are you a real person	क्या आप एक असली व्यक्ति हैं
are you a real human	क्या आप एक असली इंसान हैं
you are a real person	आप एक वास्तविक व्यक्ति हैं
you are not real	तुम वास्तविक नहीं हो
where do you live	आप कहाँ रहते हैं
in which city do you live	आप किस शहर में रहते हैं
your residence	आपका निवास
your house	आपका घर
your home	अपका घर
your hometown	आपका ग्रहनगर
what is your hometown	आपका गृहनगर क्या है
is it your hometown	क्या यह आपका गृहनगर है
where is your hometown	अपने गृहनगर कहाँ है
tell me about your city	मुझे अपने शहर के बारे में बताओ
what is your city	आपका शहर कौनसा है
what is your residence	तुम्हारा निवास क्या है
what is your town	आपका शहर क्या है
what's your city	तुम्हारा शहर कौन सा है
what's your home	तुम्हारा घर क्या है
where is your home	आपका घर कहां है
where is your residence	आपका निवास कहाँ है
where's your home	तुम्हारा घर कहाँ है
where's your hometown	आपका गृहनगर कहाँ है
where's your house	आपका घर कहां है
where you live	आप कहां रहते हैं
your city	आपका सिटि
your town	आपका शहर
that's true	यह सच है
you are right	आप ठीक कह रहे हैं
you're definitely right	तुम निश्चित रूप से सही हो
you're not wrong	आप गलत नहीं हो
you're telling the truth	तुम सच कह रहे हो
what you say is true	आप जो कहते हैं वह सच है
TRUE	सत्य
it is true	ये सच है
it's right	यह सही है
it's the truth	यह सच है
it's true	यह सच है
that is correct	यह सही है
that is right	यह सही है
that is true	यह सच है
that is very true	यह बिल्कुल सच है
that's so true	यही तो सच है
you are correct	आप सही हैं
you are so right	आप बिल्कुल सही हैं
you're absolutely right	आप बिल्कुल सही कह रहे है
you're right about that	तुम इसके बारे में सही हो
I know that's right	मुझे पता है कि सही है
that's correct	यह सही है
it's fine	यह ठीक है
go ahead	आगे बढ़ो
sounds good	सुनने में तो अच्छा लगता है
okay	ठीक
yes	हाँ
ok	ठीक
okie dokie	ठीक है डोकी
sure	ज़रूर
go for it	इसका लाभ उठाएं
yeah	हाँ
yea	हाँ
do it	इसे करें
of course	बिल्कुल
I guess	मेरे ख़याल से
correct	सही
yeah sure	हां यकीनन
why not	क्यों नहीं
please do	करने की कृपा करे
sure is	यकीन है
I agree	मैं सहमत हूं
I don't mind	मुझे कोई आपत्ति नहीं है
certainly	निश्चित रूप से
exactly	बिल्कुल
yes I agree	हाँ मैं सहमत हूँ
I think so	मुझे भी ऐसा ही लगता है
yes it is	हां यह है
right	सही
okay then	अच्छा तब
yes of course	हाँ बिल्कुल
yes I do	हा करता हु
that s okay	वह ठीक है
I do	मैं करता हूं
yup	हां
ya	फिर
oh yes	ओह हां
yes sure	हाँ यकीनन
obviously	ज़ाहिर तौर से
k	क
sure why not	हाँ हाँ, क्यों नहीं
yeah right	हाँ सही
yeah of course	हाँ बेशक
absolutely	बिल्कुल
yes indeed	हाँ, वास्तव में
ok sure	यकीनन ठीक
ok yes	ठीक हां
yes correct	हां ठीक
ok thank you	ठीक धन्यवाद
sure thing	अवश्य
ye	तु
confirm	पुष्टि करना
yep	हां
looks good	अच्छा लग रहा है
yes thank you	हाँ धन्यवाद
definitely	निश्चित रूप से
yes right	हाँ सही
yes I would like to	हां मैं करना चाहूंगा
alrighty	ठीक है
yes definitely	हाँ निश्चित रूप से
yeh	ये
yes it is correct	हाँ, यह सही है
yeah that's right	हाँ यह सही है
ok you can	ठीक है, तुम कर सकते हो
yap	भौंकना
yes you may	हाँ आप कर सकते हैं
confirmed	की पुष्टि
of course why not	बेशक क्यों नहीं
yes that's fine	हाँ यह ठीक है
affirmative	सकारात्मक
yeah go ahead	हां आगे बढ़ो
yeah I'm sure	हाँ मुझे यकीन है
okay sounds good	ठीक बढ़िया लगता है
okay that's fine	ठीक है, यह सही है
yeah exactly	हां, ठीक यही
that is ok	यह ठीक है
this is correct	यह सही है
ok go ahead	ठीक आगे बढ़ो
yes this is correct	हां यह सही है
nevermind its okay	कोई बात नहीं ठीक है
okey	शाबाशी
yes for sure	हां जरूर
all right	ठीक है
are you sure	क्या आपको यकीन है
are you sure right now	क्या आप अभी सुनिश्चित हैं
are you sure today	क्या आप आज निश्चित हैं
are you sure now	क्या आप अब निश्चित हैं
are you sure tonight	क्या आप आज रात सुनिश्चित हैं
why aren't you talking to me	बात क्यूँ नहीँ कर रहा
do you want to chat with me	क्या आप मेरे साथ चैट करना चाहते हैं
will you talk to me	तुम मुझ से बात करोगे
talk to me	आप मुझसे बात
are you going to talk to me	क्या आप मुझसे बात करने जा रहे हैं
are you talking to me	क्या आप मुझसे बात कर रहे हैं
can you chat with me	क्या तुम मेरे साथ चैट कर सकते हो
can you speak with me	क्या आप मुझसे बात कर सकते हैं
can you talk to me	क्या आप मुझसे बात
can you talk with me	क्या तुम मेरे से बात कर सकते हो
say	कहना
talk	बात करना
chat with me	मेरे साथ बातचीत करो
just chat with me	बस मेरे साथ चैट करें
speak to me	मुझसे बात करो
speak with me	मेरे साथ बात करो
talk with me	मेरे साथ बात करो
why don't you talk to me	तुम मुझसे बात क्यों नहीं करते
you can talk to me	आप मुझसे बात कर सकते हैं
are you there	क्या आप मौजूद हैं
you are there	आप वहाँ हैं
are you near me	क्या तुम मेरे पास हो
are you here	क्या आप यहां हैं
are you still there	क्या आप अभी भी हैं
you are here	आप यहां हैं
you still there	आप अभी भी तक वहाँ है
are you still here	क्या आप अभी भी यहीं हैं
pretty bad	बहुत बुरा
not good enough	बहुत अच्छा नहीं
that was lame	वह लंगड़ा था
that was terrible	वह भयानक था
it is bad	यह बुरा है
that's bad	यह बुरी बात है
this is bad	यह तो बुरा हुआ
not good	अच्छा नहीं है
I'm afraid it's bad	मुझे डर है कि यह खराब है
no it's bad	नहीं यह बुरा है
that was awful	वह भयानक था
bad	खराब
so bad	बहुत बुरा
this is too bad	यह बहुत बुरा है
terrible	भयानक
horrible	भयंकर
horrific	भीषण
abysmal	abysmal
it's bad	यह बुरा है
no good	अच्छा नहीं
that was bad	वह खराब था
that was horrible	वह भयानक था
that's lame	यही तो कमजोरी है
that's not good	यह अच्छा नहीं है
that's terrible	वह भयानक है
that's too bad	यह बहुत बुरा है
this is not good	यह अच्छा नहीं है
too bad	बहुत बुरा
very bad	बहुत बुरा
bad girl	गंदी लड़की
it's not good	अच्छी बात नहीँ हे
not so good	इतना अच्छा नहीं
it's very bad	यह बहुत बुरा है
it's too bad	यह बहुत बुरा है
that's not good enough	यह पर्याप्त अच्छा नहीं है
well too bad	खैर बहुत बुरा हुआ
bad very bad	बुरा बहुत बुरा
it's so bad	यह बहुत बुरा है
really bad	सच में ख़राब
it's really bad	यह वास्तव में बुरा है
bad idea	बुरा विचार
that is bad	वह बुरा है
that was not good	वह अच्छा नहीं था
it's not so good	यह इतना अच्छा नहीं है
not a good one	अच्छा नहीं
oh that's not good	अरे यह अच्छा नहीं है
not too good	बहुत अच्छा नहीं है
so lame	बहुत लंगड़ा
that's really bad	यह वास्तव में बुरा है
it is too bad	यह बहुत बुरा है
bad really bad	बुरा सच में बुरा
so cool	इतना ठंडा
cool	ठंडा
that is good	यह अच्छा है
glad to hear that	जानकर ख़ुशी हुई की
that's very nice of you	आप बहुत अच्छे हैं
terrific	कमाल का
it's amazing	यह आश्चर्यजनक है
that's awesome	वह तो कमाल है
perfect	उत्तम
excellent	उत्कृष्ट
that's great	एक दम बढ़िया
it's good	अच्छी बात है
it's great	यह बहुत अच्छा है
fine	अच्छा
good	अच्छा
nice	अच्छा
that's fine	वह ठीक है
very good	बहुत अच्छा
amazing	अद्भुत
fantastic	ज़बरदस्त
great	महान
good very good	अच्छा बहुत अच्छा
that's very good	वह बहुत अच्छा है
really good	वास्तव में अच्छा
it is fine	बस ठीक है
it is good	अछा है
it's perfect	यह एकदम सही है
much better	ज्यादा बेहतर
not bad	इतना खराब भी नहीं
not too bad	इतना बुरा भी नहीं
it's very good	यह बहुत अच्छा है
marvelous	अद्भुत
that's nice	यह अच्छा है
pleasant	सुखद
pretty good	बहुत अच्छा
really nice	वास्तव में प्यारा
splendid	उत्कृष्ट
straight	सीधा
super	बहुत अच्छा
super fantastic	सुपर शानदार
sweet	मिठाई
really well	वास्तव में अच्छी तरह से
very well	अचे से
that is awesome	यह बहुत अच्छा है
that is nice	यह अच्छा है
that is wonderful	वो अद्भुत है
that was amazing	वह अद्भुत था
that was awesome	यह भयानक था
that was cute	वो प्यारा था
that was pretty good	वह बहुत अच्छा था
that was very good	वह बहुत अच्छा था
that's a good idea	वह एक अच्छा विचार है
that's a good thing	यह तो अच्छी बात है
that's amazing	वह आश्चर्यजनक है
that's awesome thank you	यह बहुत अच्छा है धन्यवाद
that's better	वह बेहतर है
that's cute	वह प्यारा है
that's fantastic	यह बढ़िया है
that's much better	यह ज़्यादा बेहतर है
that's nice of you	वह आप का अच्छा गुण है
that's not bad	बुरा नहीं है
that's perfect	यह एकदम सही है
that's pretty good	वह बहुत बढिया है
that's really good	वो बहुत अच्छा है
that's really nice	यह वाकई बहुत अच्छा है
that's sweet of you	आप कितने अच्छे हैं
that's very nice	बहुत अच्छी बात है
that's wonderful	यह तो बहुत ही अच्छी बात है
this is awesome	यह कमाल का है
this is good	यह अच्छा है
this is great	यह भी खूब रही
very nice	बहुत अच्छा
very then	बहुत तब
wonderful	आश्चर्यजनक
I'm glad to hear that	मुझे वह सुनकर बेहद खुशी हुई
ok good	ठीक अच्छा
good for you	तुम्हारे के लिए अच्छा है
good to know	जानकर अच्छा लगा
glad to hear it	यह सुनकर खुश हुई
so good	कितना अच्छा
so sweet of you	आपकी बहुत आभारी हुँ
it was good	यह अच्छा था
oh well	ओह अच्छा
good thing	अची बात है
that was good	वह अच्छा था
it's awesome	यह विस्मयकारी है
okay good	ठीक है अच्छा
no it's okay	नहीं, सब ठीक है
that's fine	वह ठीक है
no worries	चिंता न करें
no probs	कोई जाँच नहीं
no problem	कोई बात नहीं
there's no problem	वहां कोई समस्या नहीं है
sure no problem	जरूर कोई बात नहीं
no problem about that	उसके बारे में कोई समस्या नहीं है
don't worry	चिंता मत करो
don't worry there's no problem	चिंता मत करो कोई समस्या नहीं है
you helped a lot thank you	आपने बहुत मदद की धन्यवाद
appreciate your help	आपकी सहायता की सराहना
cheers	प्रोत्साहित करना
thank you	धन्यवाद
thanks	धन्यवाद
thanks a lot	बहुत-बहुत धन्यवाद
terrific thank you	बहुत बढ़िया धन्यवाद
great thank you	महान धन्यवाद
thanks so much	बहुत - बहुत धन्यवाद
thank you so much	आपका बहुत-बहुत धन्यवाद
thanks for your help	आपकी सहायता के लिए धन्यवाद
thank you for your help	आपकी मदद के लिए आपको धन्यवाद
nice thank you	अच्छा आपका धन्यवाद
I appreciate it	मैं इसकी सराहना करता हूं
I thank you	मैं आपका धन्यवाद करता हूं
thank you that will be all	धन्यवाद वह सब होगा
thanks buddy	धन्यवाद दोस्त
thanks love	धन्यवाद प्रिय
thank you my friend	धन्यवाद मेरे दोस्त
well thanks	अच्छा धन्यवाद
very good thank you	बहुत अच्छा धन्यवाद
good thanks	अच्छा धन्यवाद
thanks again	एक बार फिर धन्यवाद
thank you again	फिर से धन्यवाद
all thank you	सभी धन्यवाद
alright thank you	ठीक है शुक्रिया
alright thanks	ठीक धन्यवाद
no thank you that's all	नहीं धन्यवाद, बस इतना ही
perfect thank you	सही धन्यवाद
so nice of you	बहुत अच्छी
well thank you	अच्छा आपको धन्यवाद
thnx	thnx
thanx	थेंक्स
that's my pleasure	मेरे लिए खुशी की बात है
my pleasure	मुझे खुशी हुई
anytime	किसी भी समय
welcome	स्वागत
you're welcome	आपका स्वागत है
sure welcome	ज़रूर स्वागत है
welcome here	यहाँ स्वागत है
you're so welcome	तुम्हारा बहूुत - बहुत स्वागत है
anything you want	कुछ भी जो आप चाहते हैं
good job	अच्छी नौकरी
great job	अच्छा काम
way to go	जाने के लिए रास्ता
well done	बहुत अच्छा
nice work	अच्छा काम
great work	महान काम
amazing work	अद्भुत कार्य
bravo	वाहवाही
good work	अच्छा काम
cancel	रद्द करना
abort	गर्भपात
annul	अन्त करना
cancel it	इसे रद्द करें
cancel request	अनुरोध को रद्द करें
cancelled	रद्द
dismiss	नकार देना
dismissed	ख़ारिज
disregard	अवहेलना
disregard that	उसकी उपेक्षा करो
skip	छोडना
skip it	इसे छोड़ दें
cancel everything	सब कुछ रद्द करो
cancel all	सब रद्द करो
forget about it	इसके बारे में भूल जाओ
forget	भूल जाओ
don't do that	ऐसा मत करो
stop	रुकना
just forget it	बस इसे भूल जाओ
forget that	भूल जाओ कि
discard	खारिज करना
forget this	इसे भूल जाइए
just forget about it	बस इसके बारे में भूल जाओ
forget about that	उस के बारे में भूल जाओ
i said cancel	मैंने कहा रद्द करो
just cancel it	बस इसे रद्द कर दो
nothing cancel	कुछ भी रद्द नहीं
just stop it	यह काम ना करें
no cancel cancel	रद्द नहीं रद्द करें
no just cancel	नहीं बस रद्द करें
cancel my request	मेरा अनुरोध रद्द करो
can you cancel that	क्या आप उसे रद्द कर सकते हैं
cancel all that	वह सब रद्द करो
cancel this request	इस अनुरोध को रद्द करें
no cancel this	नहीं इसे रद्द करें
no cancel everything	नहीं सब कुछ रद्द करो
no stop	कोई रोक नहिं
just forget	बस भूल जाओ
i want to cancel	मैं रद्द करना चाहता हूँ
nevermind forget about it	कोई बात नहीं इसके बारे में भूल जाओ
no just cancel it	नहीं, बस इसे रद्द कर दें
nothing just forget it	कुछ नहीं बस भूल जाओ
i said cancel it	मैंने कहा इसे रद्द करो
cancel the whole thing	पूरी बात रद्द करो
can you cancel it	क्या आप इसे रद्द कर सकते हैं
so cancel	इसलिए रद्द करें
i said forget it	मैंने कहा भूल जाओ
cancel all this	यह सब रद्द करो
forget it nevermind	इसे भूल जाओ कोई बात नहीं
stop it	इसे रोक
i want to cancel it	मैं इसे रद्द करना चाहता हूं
i would like to cancel	मैं रद्द करना चाहूंगा
now cancel	अब रद्द करो
cancel now	अभी रद्द करो
sorry cancel	क्षमा करें रद्द करें
cancel that one	उसे रद्द करो
skip skip skip	छोड़ें छोड़ें छोड़ें
cancel it cancel it	इसे रद्द करो इसे रद्द करो
cancel that cancel that	रद्द करो कि रद्द करो
do nothing	कुछ भी नहीं है
I said cancel cancel	मैंने कहा रद्द रद्द करो
but can you cancel it	लेकिन क्या आप इसे रद्द कर सकते हैं
how about no	नहीं
don t have a sense	समझ नहीं है
no	नहीं
don't	नहीं
I don't want that	मुझे वह नहीं चाहिए
I disagree	मैं असहमत हूं
disagree	असहमत
I don't want	मुझे नहीं चाहिए
not interested	रुचि नहीं
I don't think so	मुझे ऐसा नहीं लगता
no way	बिलकुल नहीं
no it isn't	नहीं, यह नहीं है
no I don't	नहीं, मैं नहीं करता
I'm not	मैं नहीं
na	ना
no that's fine thank you	नहीं यह ठीक है धन्यवाद
never	कभी नहीँ
I said no	मैंने कहा नहीं
of course not	बिल्कुल नहीं
nah	नः
no tanks	नहीं शुक्रिया
no never	नहीं, कभी नहीं
no need	कोई ज़रुरत नहीं है
no thanks	जी नहीं, धन्यवाद
no sorry	कोई खेद नहीं
do not	ऐसा न करें
not today	आज नहीं
no it's not	नहीं यह नहीं
absolutely not	कदापि नहीं
not that	नहीं कि
nooo	नहीं
nope	नहीं
I don't want to	मैं नहीं चाहता
no I would not	नहीं मैं नहीं
let 's not	नहीं जाने
not needed	जरूरत नहीं
not this time	इस बार नही
no don't do that	नहीं, ऐसा मत करो
thanks but no thanks	धन्यवाद, लेकिन इसकी कोई ज़रूरत नहीं
no that's wrong	नहीं वो गलत है
not this	यह नहीं
definitely not	निश्चित रूप से नहीं
not at this time	इस समय पर नही
not exactly	बिल्कुल नहीं
no don't	नहीं नहीं
not really no	नहीं वास्तव में कोई नहीं
no thank you not right now	नहीं धन्यवाद अभी नहीं
actually no	वास्तव में नही
no leave it	नहीं छोड़ो
sorry no	नहीं, माफ करिए
no incorrect	कोई गलत नहीं
nope sorry	नहीं, क्षमा करें
I say no	मैं कहता हूँ नहीं
not really	ज़रूरी नहीं
not right now thanks	अभी नहीं धन्यवाद
I think no	मुझे नहीं लगता
absolutely no	बिल्कुल नहीं
no actually	नहीं वास्तव मे
apparently not	स्पष्ट रूप से नहीं
no do not	नहीं
no just no	नहीं, बस नहीं
no but thank you	नहीं, लेकिन धन्यवाद
no need thanks	कोई जरूरत नहीं, धन्यवाद
no thank you though	नहीं धन्यवाद हालांकि
no thank you very much	नहीं, बहुत-बहुत धन्यवाद
no thanks not right now	नहीं धन्यवाद अभी नहीं
no forget	भूलना नहीं है
wait a second	एक सेकंड रुको
could you wait	क्या आप प्रतीक्षा कर सकते हैं
wait please	कृपया प्रतीक्षा करें
hold on	पकड़ना
wait	इंतज़ार
oh wait	अरे रुको
wait hold on	प्रतीक्षा करें ठहरें
don't rush	जल्दी मत करो
wanna hug	झप्पी चाहता हूं
hug you	आपको गले लगाना
do you want a hug	क्या आप आलिंगन चाहते हो
may I hug you	क्या मैं आपके गले लग जाऊं
could you give me a hug	क्या आप मुझे गले लगा सकते हैं
I want a hug	मैं आलिंगन करना चाहता हुँ
hug	आलिंगन
hug me	मुझे गले लगाओ
hugged	गले लगाया
you hugged	तुमने गले लगाया
hugging	गले
hugging me	मेरा आलिंगन
hugged me	मुझे गले लगाया
want a hug	झप्पी चाहिए
a hug	गले लगना
I don't care	मुझे परवाह नहीं है
I shouldn't care about this	मुझे इसकी परवाह नहीं करनी चाहिए
whatever	जो कुछ भी
I do not care	मुझे फ़रक नहीं पडता
I don't care at all	मुझे बिल्कुल परवाह नहीं है
not caring	देखभाल नहीं कर रहा
not care at all	बिलकुल परवाह नहीं
don't care at all	बिल्कुल परवाह मत करो
not caring at all	बिल्कुल परवाह नहीं
excuse me	माफ़ करें
apologise	क्षमा माँगना
I apologize	मैं क्षमाप्रार्थी हूं
sorry	क्षमा मांगना
I'm sorry	मुझे क्षमा करें
I am so sorry	मुझे माफ़ कीजिए
my apologies	मैं क्षमाप्रार्थी हूं
apologies	क्षमा याचना
apologies to me	मुझे खेद है
apology	क्षमायाचना
excuse	क्षमा
I beg your pardon	माफ़ कीजिए
pardon	क्षमा
I said sorry	मै कहा माफ करो
I am really sorry	मुझे सच में खेद है
forgive me	क्षमा चाहता हूँ
sorry about that	इसके बारे में खेद
sorry about this	इस बारे में खेद है
really sorry	वास्तव में खेद
very sorry	बहुत खेद है
ok sorry	ठीक है माफ़ कर दो
I want to say sorry	मैं सॉरी कहना चाहता हूं
alright I'm sorry	ठीक है, मुझे खेद है
okay I'm sorry	ठीक है, मैं माफी चाहता हूँ
what exactly do you mean	आपका सही सही क्या मतलब है
what do you mean	आपका क्या मतलब है
is that what you mean	क्या यह वही चीज है
what do you mean exactly	आपका वास्तव में क्या तात्पर्य है
but what do you mean	लेकिन तुम्हारा क्या मतलब है
that was wrong	वह गलत था
that's not what I asked	मैंने यही नहीं पूछा
that's wrong	यह गलत है
wrong	गलत
it is not right	यह सही नहीं है
that's not right	यह सही नहीं है
it's wrong	यह गलत है
that is incorrect	यह गलत है
incorrect	गलत
not correct	सही नहीं
you are wrong	आप गलत बोल रही हे
not right	सही नहीं
huh	हुह
lol	ज़ोर-ज़ोर से हंसना
xd	एक्सडी
ha ha	हा हा
ahahah	आह आह आह
ahah lol	अहह हाहाहा
laughing out loud	जोर से हंसना
LMAO	एलएमएओ
that's funny	अजीब बात है
ah	एएच
ah ah ah	आह आह आह
ahah	आह आह
ahaha	अहाहा
ahahaha	अहाहाहा
ha	हा
ha ha ha	हा हा हा
ha ha ha ha	हा हा हा हा
hah	हा
haha	हाहा
haha funny	हास्यास्पद
haha haha haha	हा हा हा हा हा हा
haha that's funny	हा हा, हास्यास्पद है
haha very funny	हा हा बहुत मज़ाकिया
hahaha	हाहाहा
hahaha funny	हाहाहा अजीब
hahaha very funny	हा हा हा बहुत अजीब बात है
he	वह
hehe	हेहे
hehehe	हेहेहे
lmao	लामाओ
wow	बहुत खूब
wow wow	वाह वाह
wow wow wow	वाह वाह वाह
wooow	वाह
woah	ओह
okay see you later	ठीक है बाद में आपसे मिलेंगे
hope to see you later	उम्मीद है कि आपसे फिर मुलाक़ात होगी
bye for now	अभी के लिए बाय
till next time	अगली बार तक
I must go	मुझे जाना चाहिए
bye	अलविदा
goodbye	अलविदा
see you	फिर मिलते हैं
see you soon	जल्द ही फिर मिलेंगे
bye-bye	अलविदा
good bye	अलविदा
bye bye see you	अलविदा अलविदा फिर मिलेंगे
bye bye see you soon	अलविदा अलविदा जल्द ही मिलते हैं
bye bye take care	अलविदा अलविदा ख्याल रखना
I said bye	मैंने कहा बाय
never mind bye	चिंता मत करो विदा
now bye	अब अलविदा
that's all goodbye	वह सब अलविदा है
that's it goodbye	यह अलविदा है
leave me alone	मुझे अकेला छोड़ दो
go to bed	सोने जाओ
goodbye for now	अब के लिए अलविदा
talk to you later	बाद में बात
you can go now	आप अब जा सकते हैं
get lost	भाड़ में जाओ
goodbye see you later	अलविदा बाद में आप मिलूंगा
alright bye	ठीक है अलविदा
see ya	फिर मिलेंगे
thanks bye bye	धन्यवाद अलविदा
okay bye	ठीक है अलविदा
okay thank you bye	ठीक है धन्यवाद अलविदा
see you tomorrow	कल मिलते हैं
ok bye	चलो बाय
good evening	नमस्ते
good evening to you	अच्छा शाम आप के लिए
hey good evening	अरे शुभ संध्या
hello good evening	हैलो गुड इवनिंग
evening	शाम
good evening there	वहाँ शुभ संध्या
good morning	शुभ प्रभात
good morning to you	आपको सुप्रभात
hello good morning	हैलो सुप्रभात
have a nice morning	आपकी सुबह अच्छी हो
have a great morning	आपकी सुबह अच्छी हो
morning	सुबह
good morning there	वहाँ सुप्रभात
top of the morning to you	तुम्हारे लिए सुबह अत्यंत शुभ हो
a good morning	एक सुप्रभात
hi good morning	हाय सुप्रभात
and a good morning to you	और आपको शुभ प्रभात
good morning too	गुड मॉर्निंग आपको भी
sweet dreams	मीठी नींद आए
good night	शुभ रात्रि
have a good night	तुम्हारी रात अच्छी बीते
good night to you	आप के लिए अच्छा रात
thank you good night	आपको धन्यवाद और शुभ रात्रि
 bye good night	  अलविदा शुभ रात्रि
good night bye	शुभरात्रि अलविदा
bye good night	अलविदा शुभ रात्रि
good good night	शुभ रात्रि
good night for now	अभी के लिए शुभ रात्रि
goodnight	शुभ रात्रि
night	रात
thanks goodnight	धन्यवाद शुभ रात्रि
good night see you tomorrow	शुभ रात्रि अच्छा कल मिलते हैं
alright goodnight	सभी ठीक शुभरात्रि
good tonight	अच्छा आज रात
okay have a good night	ठीक है शुभ रात्रि
have a good night	तुम्हारी रात अच्छी बीते
long time no see	बहुत दिनों से मुलाकात नहीं हुई
hello	नमस्ते
hi	नमस्ते
howdy	कैसे हो
hey there	सुनो
hey	अरे
greetings	अभिवादन
I greet you	मैं तुम्हे बधाई देता हुँ
hi there	नमस्ते
hello there	नमस्ते
lovely day isn't it	प्यारा दिन है ना
hello again	फिर से हैलो
just going to say hi	बस हाय कहने जा रहा हूँ
a good day	एक अच्छा दिन
afternoon	दोपहर
hello hi	हैलो हाय
heya	हेया
how is your morning so far	आपकी अब तक की सुबह कैसी रही है
how are you getting on	आप कैसे आगे बढ़ रहे हैं
how's your day going	आपका दिन कैसा चल रहा है
how are you	आप कैसे हैं
is everything all right	क्या सब कुछ ठीक है
how are you doing	आप कैसे हैं
how are the things going	चीजें कैसी चल रही हैं
are you alright	क्या आप ठीक हो
are you okay	आप ठीक है न
how are you feeling	तुम कैसा महसूस कर रहे हो
how are you going	कैसा चल रहा हैं आपका
is everything okay	क्या सबकुछ ठीक है
how are you today	आज आप कैसे हैं
how do you do	आप कैसे हैं
how do you feel	आपको कैसा लगता है
how have you been	क्या आप
how is it	कैसा है
how is it going	कैसा चल रहा है
how is your day	आप दिन कैसा बीत रहा है
how is your day going	आपका दिन कैसा चल रहा है
how is your evening	आपकी शाम कैसी है
how was your day	आपका दिन कैसा रहा
are you having a good day	क्या आपका दिन अच्छा जा रहा है
hope your day is going well	आशा है कि आपका दिन अच्छा जा रहा है
hope you re having a pleasant evening	आशा है कि आपकी शाम सुखद रही होगी
how's life	जिंदगी केसी
I'm fine and you	मैं ठीक हूं तुम कैसे हो
how is your life	आपका जीवन कैसे चल रहा है
how has your day been	आपका दिन कैसा बीता
how is your morning going	आपकी सुबह कैसी चल रही है
how has your day been going	आपका दिन कैसा चल रहा है
how about you	आप कैसे हैं
how is your day being	आपका दिन कैसा चल रहा है
how is your day going on	आपका दिन कैसा चल रहा है
how your day is going	आपका दिन कैसा चल रहा है
what was your day like	आपका दिन कैसा रहा
what about your day	आपका दिन कैसा था
how's your day	आपका दिन कैैसा रहा
how are you doing this morning	इस सुबह आप क्या कर रहे हैं
how is your day going	आपका दिन कैसा चल रहा है
nice to meet you	आपसे मिलकर अच्छा लगा
it was nice meeting you	आपसे मिल कर अच्छा लगा
it was very nice to meet you	तुमसे मिलकर बहुत अच्छा लगा था
good to know each other	एक दूसरे को जानकर अच्छा लगा
glad to meet you	आपसे मिलकर खुशी हुई
nice meeting you	आपसे मिलन अच्छा रहा
nice to meet you too	आपसे मिलकर भी अच्छा लगा
pleased to meet you	आपसे मिलकर खुशी हुई
pleasure to meet you	आपसे मिल कर अच्छा लगा
pleasure to meet you too	आपसे मिलकर खुशी भी हुई
it's nice to see you	आपको देख के अच्छा लगा
lovely to see you	आपको देखकर अच्छा लगा
I'm glad to see you	मैं तुम्हें देख कर खुश हूँ
great to see you	तुमसे मिलकर बहुत अच्छा लगा
it's good to see you	आपको देखकर अच्छा लगा
glad to see you	आपको देख के खुशी हुई
how good it is to see you	आपको देखकर कितना अच्छा लगा
always a pleasure to see you	आपको देखकर हमेशा खुशी होती है
nice to see you	आपसे मिलकर अच्छा लगा
good to see you	आपको देख कर खुशी हुई
great to see you again	तुम्हें फिरसे देखकर अच्छे लगा
great to see you too	आपको देखकर भी अच्छा लगा
I am glad to see you again	मुझे तुमको दुबारा देखकर खुशी हुई
nice to see you again	आप को दुबारा देखकर अच्छा लगा
glad to see you too	आपको देखकर खुशी भी हुई
good to see you again	आपसे दोबारा मिलना अच्छा लगा
it's good to see you too	आपको देखकर भी अच्छा लगा
it's been so nice to talk to you	आपसे बात करके बहुत अच्छा लगा
it's been a pleasure talking to you	आपसे बात करके खुशी हुई
nice to talk to you	आपसे बात करके अच्छा लगा
it's nice to talk to you	आपसे बात करके अच्छा लगा
nice talking to you	आपसे बात करके अच्छा लगा
it is nice talking to you	आपसे बात करके अच्छा लगा
how nice it is to talk to you	आपसे बात करना कितना अच्छा है
what is on your mind	तुम्हारे दिमाग में क्या चल रहा है
what's happened	क्या हुआ है
what is up	क्या चल रहा है
what's up	क्या चल रहा है
whazzup	whazzup
good what's up	अच्छा क्या हुआ
I said what's up	मैंने कहा क्या हाल है
then what's up	तो क्या हो रहा है
what's shaking	क्या हिल रहा है
wassup	क्या चल रहा है
what is going on	क्या चल र
what is happening	क्या हो रहा हिया
what's cracking	क्या टूट रहा है
what's cooking	क्या पकाया जा रहा है
hey what's up	क्या चल रहा है
what's up today	आज क्या है
I'm being mad	मैं पागल हो रहा हूँ
I'm enraged	मैं गुस्से में हूँ
I'm angry	मैं नाराज़ हूँ
I'm furious	मैं गुस्से में हूं
I am angry with you	मैं तुमसे नाराज़ हूं
I am mad	मै पागल हूँ
I am mad at you	मै आपके लिए पागल हूँ
I am back	मैं वापस आ गया हूँ!
I'm here again	लो मैं फिर आ गया
here I am again	फिर से मैं यहाँ हूँ
I got back	मुझे वापस मिला
I came back	मैं वापस आया
I have returned	मैं वापस आ गया
that was boring	वह उबाऊ था
I'm bored	मैं ऊब गया हूं
bored	ऊबा हुआ
boring	उबाऊ
I am getting bored	मुझे ऊब हो रही है
this is boring	यह उबाऊ है
very boring	बहुत उबाऊ
it bores me	बेमजा है
I'm overloaded	मैं अतिभारित हूं
I have no time	मेरे पास बिल्कुल समय नही है
I'm busy	मैं व्यस्त हूं
I'm swamped	मैं अभिभूत हूँ
I got things to do	मेरे पास करने के लिए चीज़ें हैं
how busy I am	मैं कितना व्यस्त हूं
I got work to do	मेरे पास करने के लिए काम है
I'm working	मैं काम कर रहा हूं
I don't have time for this	मेरे पास इसके लिए समय नहीं है
I'm insomnious	मुझे नींद नहीं आ रही है
I'm sleepless	मुझे नींद नहीं आ रही है
I can't get any sleep	मुझे नींद नहीं आ रही है
I can't sleep	मैं सो नहीं सकता
I can't fall asleep	मैं सो नहीं सकता
I can't get to sleep	मुझे नींद नहीं आ रही है
I can't get no sleep	मुझे नींद नहीं आ रही है
I'm insomniac	मुझे अनिद्रा है
bad time for talking	बात करने का बुरा समय
I don't want to talk	मैं बात नहीं करना चाहता
let's not talk	चलो बात नहीं करते
I'm not talking to you anymore	मैं अब तुमसे बात नहीं कर रहा हूँ
I don't want to talk to you	मैं तुमसे बात नहीं करना चाहता
let's stop talking for a minute	चलिए एक मिनट के लिए बात करना बंद करते हैं
I'm not in the mood for chatting	मैं चैट करने के मूड में नहीं हूं
I am excited	मैं उत्साहित हूं
I'm really excited	मैं बहुत उत्साहित हूं
how excited I am	मैं कितना उत्साहित हूं
I'm thrilled	मैं रोमांचित हूं
I'm excited about working with you	मैं आपके साथ काम करने को लेकर उत्साहित हूं
I'm excited to start our friendship	मैं हमारी दोस्ती शुरू करने के लिए उत्साहित हूं
let's go to bed	चलो बिस्तर पर चले
I'd like to go to bed	मैं बिस्तर पर जाना चाहता हूँ
is it time for bed yet	क्या अभी सोने का समय हो गया है
it's time to go to bed	यह बिस्तर पर जाने का समय है
time for us to go to bed	हमारे लिए बिस्तर पर जाने का समय
I'm going to bed	मैं सोने जा रहा हूँ
I'm a little tired and I want to go to bed	मैं थोड़ा थक गया हूँ और मैं बिस्तर पर जाना चाहता हूँ
it's bed time	यह सोने का समय है
going to bed now	सोने जा रहा हूं
I am good	टीक हनु
I'm doing just great	मैं बहुत अच्छा कर रहा हूँ
I'm doing fine	मैं ठीक कर रहा हूँ
I'm good	मैं ठीक हूँ
I'm doing good	मैं अच्छा हूँ
I'm great thanks	धन्यवाद, में ठीक हु
I am happy	मैं खुश हूं
I'm happy to see you	मैं तुमसे मिलकर खुश हूं
happy	खुश
if you're happy then I'm happy	अगर आप खुश हैं तो मैं खुश हूं
I'm happy for you	मैं आपके लिए खुश हूँ
I'm happy to help	मुझे मदद करने में खुशी हो रही है
I'm happy to see you	मैं तुमसे मिलकर खुश हूं
it is my birthday	यह मेरा जन्मदिन है
I'm celebrating my birthday today	मैं आज अपना जन्मदिन मना रहा हूं
today is my birthday	आज मेरा जन्मदिन हे
it's my birthday today	आज मेरा जन्मदिवस है
I was born today	मैं आज पैदा हुआ था
it's my b-day	यह मेरा जन्मदिन है
I am here	मैं यहां हूं
here I am	मैं यहां हूं
I'm right here	मैं बिल्कुल यहाँ हूँ
I'm already here	मैं पहले से ही यहाँ हूँ
can you tell if I'm here or not	क्या आप बता सकते हैं कि मैं यहां हूं या नहीं
I am joking	मैं मज़ाक कर रहा हूँ
I'm kidding	मैं मजाक कर रहा हूं
I'm just being funny	मैं बस मज़ाक कर रहा हूँ
it was a joke	यह एक मजाक था
I was just joking	मैंने मज़ाक किया था
it's a joke	यह एक मज़ाक है
joking	मजाक कर रहा है
just kidding	मजाक था
kidding	मज़ाक करना
I'm just playing with you	मैं सिर्फ तुम्हारे साथ खेल रहा हूँ
I like you the way you are	तुम जैसे भी हो मुझे पसंद हो
I like you	मुझे आप पसंद हो
I like you a lot	मैं आपको बहुत पसंद करता हूं
I think I like you	मुझे लगता है कि मैं तुम्हे पसंद करता हूं
I liked you	मैंने तुम्हें चाहा
like you a lot	तुम्हें बहुत पसंद करना
you are special	आप खास हैं
I like you too	मैं चाहता हूं कि आप
I really like you	मैं आपको सचमुच पसंद करता हूं
but I like you	लेकिन मैं आपको पसंद करता हूँ
I like u	मैं आपको पसंद करता हूं
just like you	बस आप की तरह
I like you very much	आप मुझे बहुत पसंद
I like you so much	मैं तुम्हें इतना पसंद करता हूूं
yeah I like you	हाँ मैं तुम्हें पसंद करता हूँ
you're special	तुम खास हो
yes I like you	हां, मैं तुम्हें चाहता हूं
okay I like you	ठीक है मैं तुम्हें पसंद करता हूँ
you are special to me	तुम मेरे लिए खास हो
you are very special	आप बहुत अज़ीज़ हैं
you are so sweet	आप बहुत प्यारे हैं
you know I like you	तुम्हें पता है मै तुम्हें पसंद करता हूँ
that's why I like you	इसी वजह से मैं तुम्हें पसंद करता हूँ
I like you baby	बेबी मैं तुम्हें पसंद करता हूं
you are very special to me	तुम मेरे लिए बहुत खास हो
I just like you	मैं बिल्कुल आपकी तरह हूं
hey I like you	सुनो मैं तुम्हें पसंद करता हूँ
thank you I like you too	धन्यवाद मैं भी आपको पसंद करता हूँ
I do like you	मुझे तुम पसंद हो
you are special for me	आप मेरे लिए खास है
no I like you the way you are	नहीं, मैं तुम्हें वैसे ही पसंद करता हूँ जैसे तुम हो
I like you already	मैं तुम्हे पहले से ही पसंद करता हूँ
well you are special	अच्छा तुम खास हो
but I really like you	लेकिन मैं सचमुच तुमको पसंद करता हूं
I like you more	मुझे तुम बहुत ज्यादा पसंद हो
that's what I like about you	मुझे तुम्हारे बारे में यही पसंद है
you are so special	आप बहुत खास है
hi I like you	हाय, मैं तुम्हें पसंद करता हूं
I really really like you	मैं वास्तव में सच में आपको पसंद करता हूँ
you're very special	तुम बहुत खास हो
I like you as a friend	मैं आप को एक मित्र की तरह पसंद करता हूं
that's because you are special	ऐसा इसलिए है क्योंकि आप खास हैं
I said I like you	मैंने कहा कि मुझे आप पसंद हो
you're so special	तुम बहुत विशेष हो
good I like you	अच्छा मैं तुम्हें पसंद करता हूँ
yes you are special	हाँ तुम खास हो
I like your smile	मैं अपनी मुस्कान पसंद करता हूं
I like you as you are	मुझे आप पसंद हैं क्योंकि आप
I'm starting to like you	मैं तुम्हें पसंद करने लगा हूं
you're awesome I like you	तुम कमाल हो मैं तुम्हें पसंद करता हूँ
I also like you	मैं भी आपको प्यार करता हूं
but I like u	लेकिन मैं तुम्हें पसंद करता हूं
of course I like you	यकीनन, मैं आपको पसंद करता हूँ
I like you too you're one of my favorite people to chat with	मैं भी आपको पसंद करता हूं, चैट करने के लिए आप मेरे पसंदीदा लोगों में से एक हैं
but I like you so much	लेकिन मैं आपको इतना पसंद करता हूं
really like you	मैं वास्तव में आपको चाहता हूँ
you're funny I like you	तुम मजाकिया हो मैं तुम्हें पसंद करता हूं
I kinda like you	मैं कुछ आप ही की तरह हूँ
you're so special to me	तुम मेरे लिए बहुत खास हो
you're very special to me	तुम मेरे लिए बहुत खास हो
I like that about you	मुझे तुम्हारे बारे में यह पसंद है
but I like you just the way you are	लेकिन मैं तुम्हें वैसे ही पसंद करता हूं जैसे तुम हो
okay I like you too	ठीक है मैं भी तुम्हें पसंद करता हूँ
I like you you're cool	मुझे तुम पसंद हो तुम मस्त हो
I like you very	मैं तुम्हें बहुत पसंद करता हूँ
I like you you're nice	मुझे तुम पसंद हो तुम अच्छे हो
sorry I like you	क्षमा करें मैं आपको पसंद करता हूं
thanks I like you too	धन्यवाद मैं भी आपको पसंद करता हूँ
you are really special	तुम सच में खास हो
you are so special to me	तुम मेरे लिए बहुत विशिष्ट हो
cuz I like you	क्योंकि मैं तुम्हें पसंद करता हूँ
I like you now	मैं अब तुम्हें पसंद करता हूं
I like you so	तुम जैसे हो, मुझे पसंद हो
I like you too much	मैं तुम्हें बहुत पसंद करता हूँ
I really do like you	मैं वास्तव में तुम्हें पसंद करता हूँ
I really really really really like you	मैं वास्तव में वास्तव में वास्तव में आपको पसंद करता हूं
I like you just the way you are	मैं तुम्हें वैसे ही पसंद करता हूं जैसे तुम हो
I am lonely	मैं अकेला हूँ
I'm very lonely	मैं बहुत अकेला हूँ
I'm so lonely	मैं बहुत अकेला हूँ
I'm really lonely	मैं वास्तव में अकेला हूँ
I am feeling lonely	मैं अकेला महसूस कर रहा हूँ
I feel lonely	मैं अकेलापन महसूस कर रहा हूँ
what do I look like	मेरी दिखावट कैसी है
how do I look	मैं कैसा दिखता हूँ
do I look good	क्या में अच्छा दिखता हूँ
do you know what I look like	क्या आप जानते हैं कि मैं कैसा दिखता हूं
can you see what I look like	क्या आप देख सकते हैं कि मैं कैसा दिखता हूं
what do you think I look like	आपको क्या लगता है कि मैं कैसा दिखता हूं
I love you	मुझे तुमसे प्यार है
love you	तुमसे प्यार है
I adore you	मैं तुम्हें बहुत पसंद करता हूं
I am in love with you	मैं आप के प्यार में हूँ
I love you so much	मैं आपसे बहुत प्यार है
I love you too	मैं भी आपसे प्यार करता हूँ
I think I love you	मुझे लगता है मैं आपसे प्यार करता हूँ
loving you	आपको प्यार
you know I love you	आप जानते है मैं आपको प्यार करता हूँ
I miss you	आपकी याद आ रही है
missing you	आपकी याद आ
miss you	आपकी याद आ रही है
already miss you	अभी से ही तुम याद आ रहे हो
I miss you much	मुझे तुम्हारी बहुत याद आती है
I missed you	मुझे तुम्हारी बहुत याद आई
I've missed you	मैंनें तुम्हें बहुत याद किया
what should I do about it	मुझे इसके बारे में क्या करना चाहते हैं
any suggestions	कोई सुझाव
what do you recommend	आपका क्या सुझाव हैं
give me a wise advice	मुझे एक बुद्धिमान सलाह दो
I need advice	मुझे सलाह की आवश्यकता है
any advice	कोई सलाह
do you have any advice for me	क्या मेरे लिए आपके पास कोई सलाह है
advise me	मुझे सलाह दो
what should I do	इक्या करु
can I ask for your advice	क्या मैं आपकी सलाह माँग सकता हूँ
can you advise me	क्या आप मुझे सलाह दे सकते हो
guide me	मेरा मार्गदर्शक करो
can you give me advice	क्या आप मुझे सलाह दे सकते हैं
can you offer any advice	क्या आप कोई सलाह दे सकते हैं
give me some advice about	मुझे इसके बारे में कुछ सलाह दें
give me some good advice	मुझे कोई अच्छी सलाह दो
help me with advice	सलाह देकर मेरी मदद करो
I could use some advice	मैं कुछ सलाह का उपयोग कर सकता था
I need an advice from you	मुझे आपसे एक सलाह चाहिए
I seek your advice	मैं आपकी सलाह चाहता हूं
what can you recommend	आप क्या सिफारिश कर सकते हैं
what do you suggest	आपका क्या सुझाव है
what is your advice	आपकी क्या सलाह है
I am sad	मैं दुःखी हूं
I'm grieving	मुझे दुख हो रहा है
I am depressed	मैं उदास हूं
I am feeling sad	मैं दुखी महसूस कर रहा हूँ
I am upset	मैं परेशान
I'm unhappy	मैं नाख़ुश हूं
I'm having a bad day	मेरा दिन खराब चल रहा है
I want to cry	मैं रोना चाहता हूँ
I'm not happy	मै खुश नही हूँ
I am sleepy	मुझे नींद अ
I want to sleep	मैं सोना चाहती हूं
I'm falling asleep	मैं निद्रामग्न हूं
I'm falling asleep on my feet	मैं अपने पैरों पर सो रहा हूं
I'm sleeping	मे सो रहा हूँ
test	परीक्षा
I am testing you	मैं तुम्हारी परीक्षा ले रहा हूं
can I test you	क्या मैं तुम्हारी परीक्षा ले सकता हूँ
I want to test you	मैं तुम्हारी परीक्षा लेना चाहता हूं
just testing you	बस तुम्हारा परीक्षण कर रहा हूँ
let me test you	मुझे तुम्हारी परीक्षा लेने दो
testing chatbot	चैटबॉट का परीक्षण
testing	परिक्षण
I'm drained	मैं थक गया हूँ
I've overworked	मैंने बहुत काम कर लिया है
I am tired	मैं थक गया
I'm exhausted	मैं थक गया हूँ
I grow weary	मैं थक जाता हूँ
I'm worn out	मैं बाहर पहना हूं
I'm getting tired	मैं थक चुका हूँ
I feel tired	मैं थकान महसूस कर रही हूँ
I'm waiting	मैं इंतज़ार कर रहा हूँ
still waiting	अब भी इंतज़ार
I'll wait	मैं इंतज़ार करूंगा
I can't wait anymore	मैं और इंतजार नहीं कर सकता
how long do I have to wait	आप को कितनी प्रतीक्षा करनी होगी
I'd like to see you again	मैं आपको फिर से देखना चाहता हूँ
I hope to see you again	मुझे आपसे दोबारा मिलने की आशा है
would be nice to see you again	आपको फिर से देखकर अच्छा लगेगा
that'd be great to see you again	आपको फिर से देखकर बहुत अच्छा लगेगा
I'd be happy to see you again	मुझे आपको फिर से देखकर खुशी होगी
I'll miss you	तुम्हारी याद आएगी
can I see you again	क्या मैं आपसे फिर मिल सकता हूं
I just want to talk	मुझे बस बात करनी हैं
let's discuss something	चलो कुछ चर्चा करते हैं
let's have a discussion	चलो एक चर्चा करते हैं
can I speak	क्या मैं बात कर सकता हूँ
can I start speaking	क्या मैं बोलना शुरू कर सकता हूँ
can we talk	क्या हम बात कर सकते हे
let's talk	चलो बात करते हैं
I want to talk to you	मुझे आपसे बात करनी है
I need to talk to you	मुझे आपसे बात करनी है
I want to speak with you	मैं आपके साथ बात करना चाहता हूं
can we chat	क्या हम चर्चा कर सकते हैं
I'll get back to you in a moment	मैं एक क्षण में आपके पास वापस आऊंगा
be back in 5 minutes	5 मिनट में वापस आ जाओ
I'll be back	मैं वापस आऊंगा
I promise to come back	मैं वापस आने का वादा करता हूं
I'll be back in a few minutes	मैं कुछ मिनटों में वापस आऊंगा
